{"cameraMode":{"drawMode":0,"name":"Shaded","section":"Shading Mode"},"sceneLighting":false,"audioPlay":false,"sceneViewState":{"showFog":true,"showMaterialUpdate":false,"showSkybox":true,"showFlares":true,"showImageEffects":true,"showParticleSystems":true},"in2DMode":false,"pivot":{"x":60.89262390136719,"y":29.030506134033204,"z":118.87244415283203},"rotation":{"x":0.016434377059340478,"y":0.8207430839538574,"z":0.02364181913435459,"w":-0.5705715417861939},"size":86.78510284423828,"orthographic":false}