{"cameraMode":{"drawMode":0,"name":"Shaded","section":"Shading Mode"},"sceneLighting":false,"audioPlay":false,"sceneViewState":{"showFog":true,"showMaterialUpdate":false,"showSkybox":true,"showFlares":true,"showImageEffects":true,"showParticleSystems":true},"in2DMode":false,"pivot":{"x":-18.69507598876953,"y":42.45530700683594,"z":39.45085144042969},"rotation":{"x":-0.08529426157474518,"y":0.7101931571960449,"z":-0.08736635744571686,"w":-0.6933380961418152},"size":120.91500854492188,"orthographic":false}